"store";"websites";"attribute_set";"type";"sku";"category_ids";"has_options";"editora";"status";"visibility";"autor";"weight";"price";"name";"url_key";"gift_message_available";"meta_title";"meta_description";"image";"small_image";"thumbnail";"custom_design";"options_container";"url_path";"description";"short_description";"meta_keyword";"custom_layout_update";"qty";"min_qty";"use_config_min_qty";"is_qty_decimal";"backorders";"use_config_backorders";"min_sale_qty";"use_config_min_sale_qty";"max_sale_qty";"use_config_max_sale_qty";"is_in_stock";"low_stock_date";"notify_stock_qty";"use_config_notify_stock_qty";"manage_stock";"use_config_manage_stock";"stock_status_changed_automatically";"sku_type";"weight_type";"price_type";"price_view";"shipment_type";"required_options";"manufacturer";"color"
"admin";"base";"Padrão";"simple";"1";"3,4";"0";"Ediciones Infantil";"Habilitado";"Catálogo, Pesquisa";"Mini-Barulinho";"10.0000";"8.0000";"[PRODUTO DE EXEMPLO] - Um Elefante Importante";"n-o-valido-um-elefante-importante";"Utilizar Configuração Padrão";"";"";"/2/1/21282841_4.jpg";"/2/1/21282841_4.jpg";"/2/1/21282841_4.jpg";"";"Bloco após coluna de Info";"n-o-valido-um-elefante-importante.html";"<p><strong>Editora: </strong>Ediciones Infantil<br />
<strong>Ano: </strong>2004<br />
<strong>Edi&ccedil;&atilde;o: </strong>1<br />
<strong>N&uacute;mero de p&aacute;ginas: </strong>18<br />
<strong>Acabamento: </strong>Brochura<br />
<strong>Formato: </strong>M&eacute;dio</p>";"<h2><strong>PRODUTO ILUSTRATIVO. N&Atilde;O EFETUE O PAGAMENTO.</strong></h2>";"";"";"99999992.9999";"0.0000";"1";"0";"0";"1";"1.0000";"1";"0.0000";"1";"1";"0000-00-00 00:00:00";"";"1";"0";"1";"0";"";"";"";"";"";"";"";""
"admin";"base";"Padrão";"simple";"2";"3,4";"0";"Ediciones Infantil";"Habilitado";"Catálogo, Pesquisa";"Mini-Barulinho";"10.0000";"8.0000";"[PRODUTO DE EXEMPLO] - Amigos para Brincar ";"n-o-valido-amigos-para-brincar";"Utilizar Configuração Padrão";"";"";"/2/1/21282841_3.JPG";"/2/1/21282841_3.JPG";"/2/1/21282841_3.JPG";"";"Bloco após coluna de Info";"n-o-valido-amigos-para-brincar.html";"<p><strong>Editora: </strong>Ediciones Infantil<br />
<strong>Ano: </strong>2004<br />
<strong>Edi&ccedil;&atilde;o: </strong>1<br />
<strong>N&uacute;mero de p&aacute;ginas: </strong>18<br />
<strong>Acabamento: </strong>Brochura<br />
<strong>Formato: </strong>Bolso</p>";"<h3><strong>PRODUTO ILUSTRATIVO. N&Atilde;O EFETUE O PAGAMENTO.</strong></h3>
<p>&nbsp;</p>";"";"";"99999999.9999";"0.0000";"1";"0";"0";"1";"1.0000";"1";"0.0000";"1";"1";"0000-00-00 00:00:00";"";"1";"0";"1";"0";"";"";"";"";"";"";"";""
"admin";"base";"Padrão";"simple";"3";"3,4";"0";"Ediciones Infantil";"Habilitado";"Catálogo, Pesquisa";"Mini-Barulinho";"10.0000";"8.0000";"[PRODUTO DE EXEMPLO] - Um Dia na Lagoa";"n-o-valido-um-dia-na-lagoa";"Utilizar Configuração Padrão";"";"";"/2/1/21282841_5.JPG";"/2/1/21282841_5.JPG";"/2/1/21282841_5.JPG";"";"Bloco após coluna de Info";"n-o-valido-um-dia-na-lagoa.html";"<p><strong>Editora: </strong>Ediciones Infantil<br />
<strong>Ano: </strong>2004<br />
<strong>Edi&ccedil;&atilde;o: </strong>1<br />
<strong>N&uacute;mero de p&aacute;ginas: </strong>18<br />
<strong>Acabamento: </strong>Capa Dura<br />
<strong>Formato: </strong>Bolso</p>";"<h3><strong>PRODUTO ILUSTRATIVO. N&Atilde;O EFETUE O PAGAMENTO.</strong></h3>
<p>&nbsp;</p>";"";"";"99999998.0000";"0.0000";"1";"0";"0";"1";"1.0000";"1";"0.0000";"1";"1";"0000-00-00 00:00:00";"";"1";"0";"1";"0";"";"";"";"";"";"";"";""
"admin";"base";"Padrão";"simple";"4";"3,4";"0";"Ediciones Infantil";"Habilitado";"Catálogo, Pesquisa";"Mini-Barulinho";"10.0000";"8.0000";"[PRODUTO DE EXEMPLO] - Ambulância Salva as Vidas";"n-o-valido-ambulancia-salva-as-vidas";"Utilizar Configuração Padrão";"";"";"/2/1/21282841_6.JPG";"/2/1/21282841_6.JPG";"/2/1/21282841_6.JPG";"";"Bloco após coluna de Info";"n-o-valido-ambulancia-salva-as-vidas.html";"<div class=""ficheTechnique"" id=""C1"">
<p><strong>Editora: </strong>Ediciones Infantil<br />
<strong>Ano: </strong>2004<br />
<strong>Edi&ccedil;&atilde;o: </strong>1<br />
<strong>N&uacute;mero de p&aacute;ginas: </strong>10<br />
<strong>Acabamento: </strong>Capa Dura<br />
<strong>Formato: </strong>Pequeno</p>
</div>
<p>&nbsp;</p>";"<h2>PRODUTO ILUSTRATIVO. N&Atilde;O EFETUE O PAGAMENTO.</h2>";"";"";"99999996.9999";"0.0000";"1";"0";"0";"1";"1.0000";"1";"0.0000";"1";"1";"0000-00-00 00:00:00";"";"1";"0";"1";"0";"";"";"";"";"";"";"";""
"admin";"base";"Padrão";"simple";"5";"3,4";"0";"Ediciones Infantil";"Habilitado";"Catálogo, Pesquisa";"Mini-Barulinho";"10.0000";"8.0000";"[PRODUTO DE EXEMPLO] - Bombeiros em Resgate";"n-o-valido-ambulancia-salva-as-vidas";"Utilizar Configuração Padrão";"";"";"/2/1/21282841_7.JPG";"/2/1/21282841_7.JPG";"/2/1/21282841_7.JPG";"";"Bloco após coluna de Info";"n-o-valido-ambulancia-salva-as-vidas-1.html";"<div class=""ficheTechnique"" id=""C1"">
<p><strong>Editora: </strong>Ediciones Infantil<br />
<strong>Ano: </strong>2004<br />
<strong>Edi&ccedil;&atilde;o: </strong>1<br />
<strong>N&uacute;mero de p&aacute;ginas: </strong>10<br />
<strong>Acabamento: </strong>Capa Dura<br />
<strong>Formato: </strong>Pequeno</p>
</div>
<p>&nbsp;</p>";"<h2>PRODUTO ILUSTRATIVO. N&Atilde;O EFETUE O PAGAMENTO.</h2>
<p>&nbsp;</p>";"";"";"99999998.9999";"0.0000";"1";"0";"0";"1";"1.0000";"1";"0.0000";"1";"1";"0000-00-00 00:00:00";"";"1";"0";"1";"0";"";"";"";"";"";"";"";""
"admin";"base";"Padrão";"simple";"6";"3,4";"0";"Ediciones Infantil";"Habilitado";"Catálogo, Pesquisa";"Mini-Barulinho";"10.0000";"8.0000";"[PRODUTO DE EXEMPLO]- O Ônibus dos Campeões";"n-o-valido-o-onibus-dos-campeoes";"Utilizar Configuração Padrão";"";"";"/2/1/21282846_4.jpg";"/2/1/21282846_4.jpg";"/2/1/21282846_4.jpg";"";"Bloco após coluna de Info";"n-o-valido-o-onibus-dos-campeoes.html";"<div class=""tabs"">&nbsp;</div>
<div class=""ficheTechnique"" id=""C1"">
<p><strong>Editora: </strong>Ediciones Infantil<br />
<strong>Ano: </strong>2004<br />
<strong>Edi&ccedil;&atilde;o: </strong>1<br />
<strong>N&uacute;mero de p&aacute;ginas: </strong>10<br />
<strong>Acabamento: </strong>Capa Dura<br />
<strong>Formato: </strong>Pequeno</p>
</div>
<p>&nbsp;</p>";"<h2>PRODUTO ILUSTRATIVO. N&Atilde;O EFETUE O PAGAMENTO.</h2>";"";"";"99999996.9999";"0.0000";"1";"0";"0";"1";"1.0000";"1";"0.0000";"1";"1";"0000-00-00 00:00:00";"";"1";"0";"1";"0";"";"";"";"";"";"";"";""
"admin";"base";"Padrão";"bundle";"";"5,6";"1";"Ediciones Infantil";"Habilitado";"Catálogo, Pesquisa";"Mini-Barulinho";"";"";"[PRODUTO DE EXEMPLO] - Coleção Infantil 1";"n-o-valido-colec-o-infantil-1";"Utilizar Configuração Padrão";"";"";"/f/i/file.jpg";"/f/i/file.jpg";"/f/i/file.jpg";"";"Bloco após coluna de Info";"n-o-valido-colec-o-infantil-1.html";"<p>[PRODUTO DE EXEMPLO]- Um Elefante Importante<br />
[PRODUTO DE EXEMPLO]- Amigos para Brincar <br />
[PRODUTO DE EXEMPLO]- Um Dia na Lagoa<br />
&nbsp;</p>";"<p>PRODUTO ILUSTRATIVO. N&Atilde;O EFETUE O PAGAMENTO.</p>";"";"";"0.0000";"0.0000";"1";"0";"0";"1";"1.0000";"1";"0.0000";"1";"1";"2008-11-12 12:27:29";"";"1";"0";"1";"0";"0";"0";"0";"Faixa de Preço";"0";"1";"";""
"admin";"base";"Padrão";"bundle";"";"5,6";"1";"";"Habilitado";"Catálogo, Pesquisa";"";"";"";"[PRODUTO DE EXEMPLO]- Coleção Infantil 2";"n-o-valido-colec-o-infantil-2";"Utilizar Configuração Padrão";"";"";"/f/i/file_1.jpg";"/f/i/file_1.jpg";"/f/i/file_1.jpg";"";"Bloco após coluna de Info";"n-o-valido-colec-o-infantil-2.html";"";"<h2>PRODUTO ILUSTRATIVO. N&Atilde;O EFETUE O PAGAMENTO.</h2>
<p>&nbsp;</p>";"";"";"0.0000";"0.0000";"1";"0";"0";"1";"1.0000";"1";"0.0000";"1";"1";"2008-11-12 12:36:07";"";"1";"0";"1";"0";"0";"0";"0";"Faixa de Preço";"0";"1";"";""
"admin";"base";"Padrão";"simple";"9";"7,10";"0";"Novatec";"Habilitado";"Catálogo, Pesquisa";"Pablo Dalloglio ";"10.0000";"79.9000";"[PRODUTO DE EXEMPLO] - PHP: Programando com Orientação a Objetos";"n-o-valido-php-programando-com-orientac-o-a-objetos";"Utilizar Configuração Padrão";"";"";"/p/h/php.JPG";"/p/h/php.JPG";"/p/h/php.JPG";"";"Bloco após coluna de Info";"n-o-valido-php-programando-com-orientac-o-a-objetos.html";"<div class=""ficheTechnique"" id=""C1"">
<p><strong>Descri&ccedil;&atilde;o: </strong></p>
<p align=""justify"">O PHP &eacute; uma das linguagens mais utilizadas no mundo. Sua popularidade se deve &agrave; facilidade em criar aplica&ccedil;&otilde;es din&acirc;micas com suporte &agrave; maioria dos bancos de dados existentes e ao conjunto de fun&ccedil;&otilde;es que, por meio de uma estrutura flex&iacute;vel de programa&ccedil;&atilde;o, permitem desde a cria&ccedil;&atilde;o de simples portais at&eacute; complexas aplica&ccedil;&otilde;es de neg&oacute;cio.<br />
O uso da orienta&ccedil;&atilde;o a objetos juntamente com o emprego de boas pr&aacute;ticas de programa&ccedil;&atilde;o nos possibilita manter um ritmo sustent&aacute;vel no desenvolvimento de aplica&ccedil;&otilde;es. O foco deste livro &eacute; demonstrar como se d&aacute; a constru&ccedil;&atilde;o de uma aplica&ccedil;&atilde;o totalmente orientada a objetos. Para isso, implementaremos alguns padr&otilde;es de projeto (design patterns) e algumas t&eacute;cnicas de mapeamento objeto-relacional, al&eacute;m de criarmos v&aacute;rios componentes para que voc&ecirc; possa criar complexas aplica&ccedil;&otilde;es de neg&oacute;cio com PHP. <br />
<br />
Principais t&oacute;picos abordados no livro:<br />
<br />
&nbsp;</p>
<p>&nbsp;</p>
<ul>
    <li>Introdu&ccedil;&atilde;o ao PHP, arrays, strings e arquivos <br />
    &nbsp;</li>
    <li>Orienta&ccedil;&atilde;o a objetos, conceitos e implementa&ccedil;&otilde;es <br />
    &nbsp;</li>
    <li>XML, Web Services, tratamento de exce&ccedil;&otilde;es <br />
    &nbsp;</li>
    <li>T&eacute;cnicas de mapeamento objeto-relacional <br />
    &nbsp;</li>
    <li>Cria&ccedil;&atilde;o de classes para apresenta&ccedil;&atilde;o de HTML<br />
    &nbsp;</li>
    <li>Cria&ccedil;&atilde;o de classes para formul&aacute;rios e listagens <br />
    &nbsp;</li>
    <li>Cria&ccedil;&atilde;o de classes para manipula&ccedil;&atilde;o de SQL <br />
    &nbsp;</li>
    <li>Cria&ccedil;&atilde;o de uma aplica&ccedil;&atilde;o orientada a objetos <br />
    &nbsp;</li>
</ul>
</div>
<ul>
    <li><strong>Editora: </strong>Novatec</li>
    <li><strong>ISBN: </strong>9788575221372</li>
    <li><strong>Ano: </strong>2007</li>
    <li><strong>Edi&ccedil;&atilde;o: </strong>1</li>
    <li><strong>N&uacute;mero de p&aacute;ginas: </strong>576</li>
    <li><strong>Acabamento: </strong>Brochura</li>
    <li><strong>Formato: </strong>M&eacute;dio</li>
</ul>";"<h2>PRODUTO ILUSTRATIVO. N&Atilde;O EFETUE O PAGAMENTO.</h2>";"";"";"9999994.0000";"0.0000";"1";"0";"0";"1";"1.0000";"1";"0.0000";"1";"1";"0000-00-00 00:00:00";"";"1";"0";"1";"0";"";"";"";"";"";"";"";""
"admin";"base";"Padrão";"simple";"10";"7,10";"0";"Novatec";"Habilitado";"Catálogo, Pesquisa";"Pablo Dalloglio ";"10.0000";"69.9000";"[PRODUTO DE EXEMPLO]  - PHP-GTK: Criando Aplicações Gráficas com PHP";"n-o-valido-php-gtk-criando-aplicacoes-graficas-com-php";"Utilizar Configuração Padrão";"";"";"/g/t/gtk.JPG";"/g/t/gtk.JPG";"/g/t/gtk.JPG";"";"Bloco após coluna de Info";"n-o-valido-php-gtk-criando-aplicacoes-graficas-com-php.html";"<div class=""ficheTechnique"" id=""C1"">
<p><strong>Descri&ccedil;&atilde;o: </strong></p>
<p>Todo programador j&aacute; deve ter ouvido falar sobre PHP, uma das linguagens mais utilizadas no mundo. A popularidade do PHP deve-se &agrave; sua facilidade em criar aplica&ccedil;&otilde;es din&acirc;micas para a internet, com suporte &agrave; maioria dos gerenciadores de bancos de dados existentes, al&eacute;m de um conjunto de fun&ccedil;&otilde;es que permitem desde a cria&ccedil;&atilde;o de simples portais at&eacute; complexas aplica&ccedil;&otilde;es de com&eacute;rcio eletr&ocirc;nico. <br />
O que poucos entenderiam at&eacute; alguns anos atr&aacute;s &eacute; a possibilidade de criar aplica&ccedil;&otilde;es-cliente, com janelas, bot&otilde;es, listas e pain&eacute;is em PHP. Pois este &eacute; justamente o foco de PHP GTK Criando Aplica&ccedil;&otilde;es Gr&aacute;ficas com PHP. O PHP tem crescido muito nos &uacute;ltimos anos e se tornou uma linguagem de prop&oacute;sitos gerais. Este livro &eacute; prova disto. Por interm&eacute;dio do PHP-GTK, voc&ecirc; pode utilizar o PHP para desenvolver aplica&ccedil;&otilde;es com visual atraente e nativo para v&aacute;rias plataformas, como Linux, Windows e Mac, utilizando a mesma linguagem que utiliza para criar aplica&ccedil;&otilde;es para a Web.</p>
Principais t&oacute;picos abordados no livro: <br />
&nbsp;
<p>&nbsp;</p>
<ul>
    <li>Introdu&ccedil;&atilde;o ao PHP, arrays, strings, bancos de dados</li>
    <li>Tutorial completo sobre orienta&ccedil;&atilde;o a objetos</li>
    <li>Exemplos de utiliza&ccedil;&atilde;o de janelas, &aacute;rvores, listas, bot&otilde;es</li>
    <li>Exemplos de utiliza&ccedil;&atilde;o de menus, di&aacute;logos, formul&aacute;rios</li>
    <li>Crie suas pr&oacute;prias classes, estendendo o GTK</li>
    <li>Exemplos com bancos de dados (inser&ccedil;&atilde;o, listagem, navega&ccedil;&atilde;o)</li>
    <li>Utiliza&ccedil;&atilde;o da ferramenta Glade (gera&ccedil;&atilde;o de notas fiscais)</li>
</ul>
</div>";"<h2>PRODUTO ILUSTRATIVO. N&Atilde;O EFETUE O PAGAMENTO.</h2>";"";"";"9999995.0000";"0.0000";"1";"0";"0";"1";"1.0000";"1";"0.0000";"1";"1";"0000-00-00 00:00:00";"";"1";"0";"1";"0";"";"";"";"";"";"";"";""
"admin";"base";"Padrão";"simple";"11";"7,10";"0";"Novatec";"Habilitado";"Catálogo, Pesquisa";"Juliano Niederauer ";"10.0000";"79.9000";"[PRODUTO DE EXEMPLO] - PHP Para Quem Conhece PHP";"n-o-valido-php-para-quem-conhece-php";"Utilizar Configuração Padrão";"";"";"/p/h/phphphp.JPG";"/p/h/phphphp.JPG";"/p/h/phphphp.JPG";"";"Bloco após coluna de Info";"n-o-valido-php-para-quem-conhece-php.html";"<div class=""tabs"">&nbsp;</div>
<div class=""ficheTechnique"" id=""C1"">
<p><strong>Descri&ccedil;&atilde;o: </strong></p>
<p>PHP para quem conhece PHP apresenta recursos avan&ccedil;ados desta poderosa linguagem de programa&ccedil;&atilde;o para a Web. Aborda diversos assuntos &uacute;teis ao desenvolvedor, como cookies e sess&otilde;es, upload de arquivos, gera&ccedil;&atilde;o de imagens e gr&aacute;ficos, arquivos PDF, templates, abstra&ccedil;&atilde;o de bancos de dados, entre outros. Al&eacute;m disso, cont&eacute;m uma abrangente revis&atilde;o sobre PHP, para aqueles que tiveram pouco contato com a linguagem.<br />
Assim como nas demais obras do autor, neste livro a did&aacute;tica tamb&eacute;m &eacute; o ponto forte, o que permite ao leitor o r&aacute;pido entendimento de assuntos aparentemente complexos. Para facilitar a compreens&atilde;o dos conte&uacute;dos, s&atilde;o apresentados v&aacute;rios exemplos de programas e, ao final, um estudo de caso envolvendo diversos recursos da linguagem. <br />
Ler PHP para quem conhece PHP &eacute; indispens&aacute;vel para quem deseja se tornar um especialista nessa linguagem!</p>
</div>";"<h2>PRODUTO ILUSTRATIVO. N&Atilde;O EFETUE O PAGAMENTO.</h2>";"";"";"999996.0000";"0.0000";"1";"0";"0";"1";"1.0000";"1";"0.0000";"1";"1";"0000-00-00 00:00:00";"";"1";"0";"1";"0";"";"";"";"";"";"";"";""
"admin";"base";"Padrão";"bundle";"";"8,12";"1";"";"Habilitado";"Catálogo, Pesquisa";"";"";"";"[PRODUTO DE EXEMPLO]- Coleção de PHP 1";"n-o-valido-colec-o-de-php-1";"Utilizar Configuração Padrão";"";"";"/p/h/php_1.png";"/p/h/php_1.png";"/p/h/php_1.png";"";"Bloco após coluna de Info";"n-o-valido-colec-o-de-php-1.html";"<p>[N&atilde;o Valido] - PHP Para Quem Conhece PHP <br />
[N&atilde;o Valido] - PHP-GTK: Criando Aplica&ccedil;&otilde;es Gr&aacute;ficas com PHP <br />
[N&atilde;o Valido] - PHP: Programando com Orienta&ccedil;&atilde;o a Objetos</p>";"<h2>PRODUTO ILUSTRATIVO. N&Atilde;O EFETUE O PAGAMENTO.</h2>";"";"";"0.0000";"0.0000";"1";"0";"0";"1";"1.0000";"1";"0.0000";"1";"1";"2008-11-12 12:39:56";"";"1";"0";"1";"0";"0";"0";"0";"Faixa de Preço";"0";"1";"";""
"admin";"base";"Padrão";"simple";"16";"7,9";"0";"Orilley";"Habilitado";"Catálogo, Pesquisa";"Kathy Sierra";"10.0000";"129.9000";"[PRODUTO DE EXEMPLO] - Use a Cabeça! Java";"produto-de-exemplo-use-a-cabeca-java";"Utilizar Configuração Padrão";"";"";"/2/1/21294017_4.jpg";"/2/1/21294017_4.jpg";"/2/1/21294017_4.jpg";"";"Bloco após coluna de Info";"produto-de-exemplo-use-a-cabeca-java.html";"<div class=""ficheTechnique"" id=""C1"" style=""""><strong>Descri&ccedil;&atilde;o:<br />
<br />
</strong>Se o seu intuito &eacute; ficar entediado, compre outro livro. Mas se quiser realmente aprender Java, voc&ecirc; precisa de Use a Cabe&ccedil;a Java. Descubra por que os livros da s&eacute;rie se a Cabe&ccedil;a foram selecionados para o Amazon Editor Choice que indicou os dez melhores livros de computa&ccedil;&atilde;o de 2003 e 2004.Kathy Sierra &eacute; desenvolvedora de softwares (jogos e intelig&ecirc;ncia artificial) e instrutora mestre na Sun Microsytems, ensinando a instrutores de Java como transmitir as &uacute;ltimas tecnologias para os clientes. Ela &eacute; uma das principais criadoras da maioria dos exames de certifica&ccedil;&atilde;o da Sun. Foi a fundadora do javaranch.com, vencedor do Development/Jolt Productivity Award, a maior (e mais amig&aacute;vel) comunidade Java s&oacute; de volunt&aacute;rios.<br />
Bert Bates &eacute; desenvolvedor de softwares h&aacute; 20 anos, instrutor de Java e um dos principais criadores da maioria das certifica&ccedil;&otilde;es Java da Sun. Sua experi&ecirc;ncia inclui uma longa temporada em intelig&ecirc;ncia artificial, com clientes como o Weather Channel. A&amp;E Network, Rockwell e Timken. Junto com Kathy Sierra, Bert criou a s&eacute;rie Use a Cabe&ccedil;a.&quot;</div>";"<h2><strong>PRODUTO ILUSTRATIVO. N&Atilde;O EFETUE O PAGAMENTO.</strong></h2>";"";"";"99999998.9999";"0.0000";"1";"0";"0";"1";"1.0000";"1";"0.0000";"1";"1";"0000-00-00 00:00:00";"";"1";"0";"1";"0";"";"";"";"";"";"";"";""
"admin";"base";"Padrão";"simple";"17";"7,9";"0";"";"Habilitado";"Catálogo, Pesquisa";"Oziel Moreira Neto";"10.0000";"69.9000";"[PRODUTO DE EXEMPLO] - Entendendo e Dominando o Java: para Internet";"produto-de-exemplo-entendendo-e-dominando-o-java-para-internet";"Utilizar Configuração Padrão";"";"";"/1/5/1521523_4.jpg";"/1/5/1521523_4.jpg";"/1/5/1521523_4.jpg";"";"Bloco após coluna de Info";"produto-de-exemplo-entendendo-e-dominando-o-java-para-internet.html";"<div class=""ficheTechnique"" id=""C1"" style="""">
<p><strong>Descri&ccedil;&atilde;o: </strong></p>
<p align=""justify"">De alguns anos para c&aacute;, o Java se consolidou como a linguagem mais usada por programadores e grandes corpora&ccedil;&otilde;es em todo o mundo. Somado a esse sucesso do Java, vem a crescente demanda por aplicativos que estejam totalmente integrados ao ambiente Web. Essa demanda veio acompanhada de aumento no grau de exig&ecirc;ncia para o profissional, que precisa ter alto n&iacute;vel de conhecimento, ser extremamente capacitado e possuir experi&ecirc;ncia e s&oacute;lidos conhecimentos na linguagem. <br />
Para atender a essas demandas paralelas, Entendendo e Dominando o Java para Internet traz explica&ccedil;&otilde;es e exemplos completos que facilitam o aprendizado dos sofisticados recursos do Java e ensinam a combin&aacute;-los para desenvolver aplicativos on-line. A estrutura do livro foi projetada com base em um m&eacute;todo de ensino de efic&aacute;cia comprovada, desenvolvida em anos de execu&ccedil;&atilde;o de treinamentos intensivos e semi-intensivos em faculdades e empresas, para os mais diversos tipos de alunos, com os mais diferentes n&iacute;veis de conhecimento em programa&ccedil;&atilde;o. Com isso, temos certeza de que o <b>Entendendo e Dominando o Java para Internet</b> ajudar&aacute; o leitor em sua busca por informa&ccedil;&atilde;o e especializa&ccedil;&atilde;o.</p>
<p><b>Gr&aacute;tis 3 CDs-ROM contendo:</b></p>
<p>&nbsp;</p>
<ul>
    <li>Eclipse em vers&atilde;o completa.
    <lil>Todos os exemplos usados no livro.  </lil>
    </li>
    <li>MySQL para Windows e Linux.</li>
    <li>Servidor Web Apache para Linux e Windows.</li>
</ul>
</div>";"<h2>PRODUTO ILUSTRATIVO. N&Atilde;O EFETUE O PAGAMENTO.</h2>";"";"";"99999996.9999";"0.0000";"1";"0";"0";"1";"1.0000";"1";"0.0000";"1";"1";"0000-00-00 00:00:00";"";"1";"0";"1";"0";"";"";"";"";"";"";"";""
"admin";"base";"Padrão";"simple";"18";"7,9";"0";"Orilley";"Habilitado";"Catálogo, Pesquisa";"Steven Douglas Olson";"10.0000";"44.5000";"[PRODUTO DE EXEMPLO] - Ajax com Java";"produto-de-exemplo-ajax-com-java";"Utilizar Configuração Padrão";"";"";"/1/9/1955802_4.jpg";"/1/9/1955802_4.jpg";"/1/9/1955802_4.jpg";"";"Bloco após coluna de Info";"produto-de-exemplo-ajax-com-java.html";"<div style="""" id=""C1"" class=""ficheTechnique"">
<p><strong>Descri&ccedil;&atilde;o: </strong><b>Ajax com Java</b> mostra como voc&ecirc; pode fazer seus aplicativos web Java serem mais r&aacute;pidos nas respostas e mais din&acirc;micos ao incorporar as novas caracter&iacute;sticas Java, incluindo listas, arrastar e soltar e muito mais. Este livro demonstra muitos meios diferentes para incorporar Ajax, a partir da constru&ccedil;&atilde;o de JavaScript em seus aplicativos &quot;&agrave; m&atilde;o&quot; ao usar o novo Kit de ferramentas da Web do Google (GWT). E, &eacute; claro, voc&ecirc; aprender&aacute; como usar Ajax em seus aplicativos Struts, JSP e JSF. <br />
<b>Ajax com Java</b> come&ccedil;a com uma introdu&ccedil;&atilde;o ao Ajax, ensinando a voc&ecirc; como escrever alguns aplicativos b&aacute;sicos que usam JavaScript do lado do cliente para pedir informa&ccedil;&otilde;es de um servlet Java e exibi-lo sem recarregar a p&aacute;gina toda. Tamb&eacute;m apresenta muitas estrat&eacute;gias para a comunica&ccedil;&atilde;o entre o cliente e o servidor, incluindo o envio de dados brutos e o uso de XML ou JSON para enviar conjuntos de dados mais complexos. <br />
O livro, ent&atilde;o, estendeu-se em diferentes abordagens para incorporar Ajax.<br />
Essas abordagens incluem:</p>
<ul>
    <li>As bibliotecas de JavaScript Prototype e script.aculo.us, as bibliotecas de Dojo e de Rico e DWR</li>
    <li>Uso de Ajax para construir formul&aacute;rios de entrada e campos de sugest&atilde;o</li>
    <li>Cria&ccedil;&atilde;o em biblioteca de tag de Ajax e bibliotecas de tag de terceiro</li>
    <li>Integra&ccedil;&atilde;o de Ajax em aplicativos JavaServer Pages (JSP)</li>
    <li>Uso de Ajax com Struts  Integra&ccedil;&atilde;o de Ajax em aplicativos JavaServer Faces (JSF)</li>
    <li>Uso do GWT do Google, que oferece uma abordagem pura de Java para desenvolver aplicativos web: seus componentes do lado do cliente s&atilde;o escritos em Java e compilados em HTML e JavaScript<br />
    <b>Ajax com Java</b> ensina a voc&ecirc; como construir aplicativos que sejam mais interativos, din&acirc;micos, empolgantes e divertidos para seus usu&aacute;rios. Caso voc&ecirc; seja um desenvolvedor de Java e n&atilde;o tenha tentado o Ajax, por&eacute;m, gostaria de come&ccedil;ar, este livro &eacute; essencial. <br />
    Seus usu&aacute;rios ficar&atilde;o agradecidos.</li>
</ul>
</div>";"<h2>PRODUTO ILUSTRATIVO. N&Atilde;O EFETUE O PAGAMENTO.</h2>";"";"";"99999998.9999";"0.0000";"1";"0";"0";"1";"1.0000";"1";"0.0000";"1";"1";"0000-00-00 00:00:00";"";"1";"0";"1";"0";"";"";"";"";"";"";"";""
"admin";"base";"Padrão";"bundle";"";"8,11";"1";"";"Habilitado";"Catálogo, Pesquisa";"";"";"";"[PRODUTO DE EXEMPLO]- Coleção de JAVA 1";"produto-de-exemplo-colec-o-de-java-1";"Utilizar Configuração Padrão";"";"";"/j/a/java.jpg";"/j/a/java.jpg";"/j/a/java.jpg";"";"Bloco após coluna de Info";"produto-de-exemplo-colec-o-de-java-1.html";"<p>[PRODUTO DE EXEMPLO]- Cole&ccedil;&atilde;o de JAVA 1</p>";"<h2>PRODUTO ILUSTRATIVO. N&Atilde;O EFETUE O PAGAMENTO.</h2>";"";"";"0.0000";"0.0000";"1";"0";"0";"1";"1.0000";"1";"0.0000";"1";"1";"0000-00-00 00:00:00";"";"1";"0";"1";"0";"0";"0";"0";"Faixa de Preço";"0";"1";"";""
"admin";"base";"Padrão";"simple";"19";"4";"0";"";"Habilitado";"Catálogo, Pesquisa";"J.k. Rowling";"10.0000";"32.6000";"[PRODUTO DE EXEMPLO] - Harry Potter e as Relíquias da Morte";"produto-de-exemplo-harry-potter-e-as-reliquias-da-morte";"Utilizar Configuração Padrão";"";"";"/1/_/1.jpg";"/1/_/1.jpg";"/1/_/1.jpg";"";"Bloco após coluna de Info";"produto-de-exemplo-harry-potter-e-as-reliquias-da-morte.html";"<div class=""ficheTechnique"" id=""C1"" style="""">
<p><strong>Descri&ccedil;&atilde;o: </strong></p>
<p align=""justify"">A conclus&atilde;o da saga do bruxinho mais querido do mundo esta prestes de come&ccedil;ar! N&atilde;o perca o final desta emocionante saga que encanta adultos e crian&ccedil;as em todo o mundo. N&atilde;o deixe para depois e reserve ainda hoje uma c&oacute;pia do livro que j&aacute; &eacute; um dos lan&ccedil;amentos mais esperados deste ano!<br />
Voldemort est&aacute; cada vez mais forte e Harry Potter precisa encontrar e aniquilar as Horcruxes para enfraquecer o Lorde das Trevas e poder enfrent&aacute;-lo. Nessa busca desenfreada, contando apenas com os leais amigos Rony e Hermione, Harry descobre as Rel&iacute;quias da Morte, que ser&atilde;o &uacute;teis na batalha do bem contra o mal. A&ccedil;&atilde;o eletrizante conduzida com maestria por J. K. Rowling, concluindo os passos de her&oacute;i de Harry Potter na maior saga bruxa de todos os tempos.</p>
</div>";"<h2>PRODUTO ILUSTRATIVO. N&Atilde;O EFETUE O PAGAMENTO.</h2>";"";"";"99999996.9999";"0.0000";"1";"0";"0";"1";"1.0000";"1";"0.0000";"1";"1";"0000-00-00 00:00:00";"";"1";"0";"1";"0";"";"";"";"";"";"";"";""
"admin";"base";"Padrão";"simple";"20";"4";"0";"";"Habilitado";"Catálogo, Pesquisa";"J.k. Rowling";"10.0000";"24.6000";"[PRODUTO DE EXEMPLO] - Harry Potter e o Prisioneiro de Azkaban";"produto-de-exemplo-harry-potter-e-o-prisioneiro-de-azkaban";"Utilizar Configuração Padrão";"";"";"/2/_/2.jpg";"/2/_/2.jpg";"/2/_/2.jpg";"";"Bloco após coluna de Info";"produto-de-exemplo-harry-potter-e-o-prisioneiro-de-azkaban.html";"<p><strong>Descri&ccedil;&atilde;o: </strong>Terceiro volume da saga. O terceiro ano no col&eacute;gio Hogwarts de Magia e Feiti&ccedil;aria n&atilde;o vai ser nada f&aacute;cil para Harry Potter e seus amigos. Um assassino fugiu da pris&atilde;o dos bruxos e o col&eacute;gio est&aacute; cheio de guardas para proteger os alunos. Estar&atilde;o mesmo bem protegidos?</p>";"<h2>PRODUTO ILUSTRATIVO. N&Atilde;O EFETUE O PAGAMENTO.</h2>";"";"";"99999997.9999";"0.0000";"1";"0";"0";"1";"1.0000";"1";"0.0000";"1";"1";"0000-00-00 00:00:00";"";"1";"0";"1";"0";"";"";"";"";"";"";"";""
"admin";"base";"Padrão";"simple";"21";"4";"0";"";"Habilitado";"Catálogo, Pesquisa";"J.k. Rowling";"10.0000";"19.7000";"[PRODUTO DE EXEMPLO] - Harry Potter e a Câmara Secreta";"produto-de-exemplo-harry-potter-e-a-camara-secreta";"Utilizar Configuração Padrão";"";"";"/3/_/3.jpg";"/3/_/3.jpg";"/3/_/3.jpg";"";"Bloco após coluna de Info";"produto-de-exemplo-harry-potter-e-a-camara-secreta.html";"<p><strong>Descri&ccedil;&atilde;o: </strong>Segundo livro da saga do atrapalhado aprendiz de feiticeiro. Desta vez, terr&iacute;veis perigos rondam o Col&eacute;gio Hogwarts de Magia e Feiti&ccedil;aria. Harry e seu amigo Ron ter&atilde;o que enfrentar tenebrosos monstros e, o que &eacute; pior, a encarna&ccedil;&atilde;o nada amig&aacute;vel de seu inimigo n&uacute;mero um: Lorde Voldemort.</p>";"<h2>PRODUTO ILUSTRATIVO. N&Atilde;O EFETUE O PAGAMENTO.</h2>";"";"";"99999998.9999";"0.0000";"1";"0";"0";"1";"1.0000";"1";"0.0000";"1";"1";"0000-00-00 00:00:00";"";"1";"0";"1";"0";"";"";"";"";"";"";"";""
"admin";"base";"Padrão";"simple";"22";"4";"0";"";"Habilitado";"Catálogo, Pesquisa";"J.k. Rowling";"10.0000";"38.5000";"[PRODUTO DE EXEMPLO] - Harry Potter e a Pedra Filosofal";"produto-de-exemplo-harry-potter-e-a-pedra-filosofal";"Utilizar Configuração Padrão";"";"";"/4/_/4.jpg";"/4/_/4.jpg";"/4/_/4.jpg";"";"Bloco após coluna de Info";"produto-de-exemplo-harry-potter-e-a-pedra-filosofal.html";"<p><strong>Descri&ccedil;&atilde;o: </strong>Primeiro volume da s&eacute;rie. Prepare-se para entrar no mundo da magia, sonhar com os feiti&ccedil;os que s&oacute; se aprendem em Hogwarts e detestar uma fam&iacute;lia adotiva. Este &eacute; um resumo raso do mundo de Harry Potter, o menino que tem um raio na testa. De forma divertida, no ritmo dos melhores filmes de aventura, a escocesa J.K. Rowling est&aacute; conquistando o mundo com a s&eacute;rie, que dever&aacute; chegar a sete volumes.</p>";"<h2>PRODUTO ILUSTRATIVO. N&Atilde;O EFETUE O PAGAMENTO.</h2>";"";"";"99999998.9999";"0.0000";"1";"0";"0";"1";"1.0000";"1";"0.0000";"1";"1";"0000-00-00 00:00:00";"";"1";"0";"1";"0";"";"";"";"";"";"";"";""
"admin";"base";"Padrão";"virtual";"23";"14,15";"0";"Livros de Internet";"Habilitado";"Catálogo, Pesquisa";"Autor Exemplo";"";"12.9000";"[PRODUTO DE EXEMPLO] - Como programar melhor usando o PHP";"produto-de-exemplo-como-programar-melhor-usando-o-php";"Utilizar Configuração Padrão";"";"";"/p/h/phpgz3.png";"/p/h/phpgz3.png";"/p/h/phpgz3.png";"";"Bloco após coluna de Info";"produto-de-exemplo-como-programar-melhor-usando-o-php.html";"<h2>Este &eacute; um livro virtual, sua entrega ser&aacute; efetuada via e-mail no formato PDF.</h2>";"<h2>PRODUTO ILUSTRATIVO. N&Atilde;O EFETUE O PAGAMENTO.</h2>";"";"";"99999988.9999";"0.0000";"1";"0";"0";"1";"1.0000";"1";"0.0000";"1";"1";"0000-00-00 00:00:00";"";"1";"0";"1";"0";"";"";"";"";"";"";"";""
"admin";"base";"Padrão";"virtual";"26";"13,14,16";"0";"Livros de Internet";"Habilitado";"Catálogo, Pesquisa";"Autor Exemplo";"";"12.9000";"[PRODUTO DE EXEMPLO] - Melhores Técnicas em Java";"produto-de-exemplo-melhores-tecnicas-em-java";"Utilizar Configuração Padrão";"";"";"/j/a/java_starting.jpg";"/j/a/java_starting.jpg";"/j/a/java_starting.jpg";"";"Bloco após coluna de Info";"produto-de-exemplo-melhores-tecnicas-em-java.html";"<h2>Este &eacute; um livro virtual, sua entrega ser&aacute; efetuada via e-mail no formato PDF.</h2>";"<h2>PRODUTO ILUSTRATIVO. N&Atilde;O EFETUE O PAGAMENTO.</h2>";"";"";"99999995.9999";"0.0000";"1";"0";"0";"1";"1.0000";"1";"0.0000";"1";"1";"0000-00-00 00:00:00";"";"1";"0";"1";"0";"";"";"";"";"";"";"";""
"admin";"base";"Padrão";"simple";"27";"3,4";"0";"";"Habilitado";"Catálogo, Pesquisa";"J.k. Rowling";"10.0000";"33.1000";"[PRODUTO DE EXEMPLO] - Harry Potter e o Cálice de Fogo";"produto-de-exemplo-harry-potter-e-o-calice-de-fogo";"Utilizar Configuração Padrão";"";"";"/5/_/5.jpg";"/5/_/5.jpg";"/5/_/5.jpg";"";"Bloco após coluna de Info";"produto-de-exemplo-harry-potter-e-o-calice-de-fogo.html";"<p><strong>Descri&ccedil;&atilde;o: </strong>Quarto volume da saga. Harry Potter, agora com 14 anos, j&aacute; &eacute; um bruxo adolescente. E ter&aacute; que enfrentar muitos perigos em seu quarto ano na Escola de Magia e Bruxaria de Hogwarts. Lord Voldemort ir&aacute; recrutar seus antigos aliados e parceiros do mal para voltar a dominar o mundo dos bruxos. Potter ter&aacute; que ajudar a impedi-lo e, ainda, resolver outro espinhoso problema: conquistar o cora&ccedil;&atilde;o de Cho Chang, uma bela jogadora de quadribol.</p>";"<h2>PRODUTO ILUSTRATIVO. N&Atilde;O EFETUE O PAGAMENTO.</h2>";"";"";"99999998.9999";"0.0000";"1";"0";"0";"1";"1.0000";"1";"0.0000";"1";"1";"0000-00-00 00:00:00";"";"1";"0";"1";"0";"";"";"";"";"";"";"";""
"admin";"base";"Padrão";"simple";"28";"3,4";"0";"";"Habilitado";"Catálogo, Pesquisa";"J.k. Rowling";"10.0000";"39.5000";"[PRODUTO DE EXEMPLO] - Harry Potter e a Ordem da Fênix";"produto-de-exemplo-harry-potter-e-a-ordem-da-fenix";"Utilizar Configuração Padrão";"";"";"/6/_/6.jpg";"/6/_/6.jpg";"/6/_/6.jpg";"";"Bloco após coluna de Info";"produto-de-exemplo-harry-potter-e-a-ordem-da-fenix.html";"<p><strong>Descri&ccedil;&atilde;o: </strong>Finalmente Rowling presenteia os f&atilde;s com &quot;Harry Potter e a Ordem da F&ecirc;nix&quot;. Os f&atilde;s ficaram muito tensos e com o cora&ccedil;&atilde;o nas m&atilde;os. A raz&atilde;o &eacute; &oacute;bvia: A volta do arquivil&atilde;o Lorde Voldemort e seus Comensais da Morte. Indubitavelmente a morte de um amigo de escola e as li&ccedil;&otilde;es de como tolerar dor insuport&aacute;vel n&atilde;o s&atilde;o elementos comuns de uma est&oacute;ria para crian&ccedil;as. Por&eacute;m s&atilde;o uma realidade caraterizada pelo rito de passagem. &quot;Harry Potter e a Ordem da F&ecirc;nix&quot; est&aacute; mais complexo e consegue prender o leitor com desenvolvimento dos personagens a sua trama assim como nos epis&oacute;dios anteriores. Potter j&aacute; &eacute; um adolescente e os poucos vai amadurecendo; Hogwarts se transforma em um pesadelo. A narrativa &eacute; caracterizada por um clima tenso e conturbado. As vit&oacute;rias n&atilde;o s&atilde;o meras sorte ou acaso e se baseiam em iniciativas audaciosas do pr&oacute;prio Potter e seus amigos. Voc&ecirc;, f&atilde; de Harry, prepare-se pois Harry vai lutar contra Voldemort para recuperar sua alma. Surpresas? Muitas. Voc&ecirc; que vem acompanhando todas as not&iacute;cias aqui no Submarino, finalmente conhecer&aacute; os segredos que Rowling tanto guardou. Imperd&iacute;vel!</p>";"<h2>PRODUTO ILUSTRATIVO. N&Atilde;O EFETUE O PAGAMENTO.<br />
&nbsp;</h2>";"";"";"99999998.9999";"0.0000";"1";"0";"0";"1";"1.0000";"1";"0.0000";"1";"1";"0000-00-00 00:00:00";"";"1";"0";"1";"0";"";"";"";"";"";"";"";""
"admin";"base";"Padrão";"simple";"29";"4,7";"0";"";"Habilitado";"Catálogo, Pesquisa";"J.k. Rowling";"10.0000";"31.5000";"[PRODUTO DE EXEMPLO] - Harry Potter e o Enigma do Príncipe";"produto-de-exemplo-harry-potter-e-o-enigma-do-principe";"Utilizar Configuração Padrão";"";"";"/7/_/7.jpg";"/7/_/7.jpg";"/7/_/7.jpg";"";"Bloco após coluna de Info";"produto-de-exemplo-harry-potter-e-o-enigma-do-principe.html";"<p><strong>Descri&ccedil;&atilde;o: </strong><b>Harry Potter e o Enigma do Pr&iacute;ncipe</b> traz a hist&oacute;ria do sexto ano de Harry Potter na escola de magia de Hogwarts. Em meio &agrave; batalha entre o bem e o mal, o poder de Voldemort e seus seguidores est&aacute; aumentando dia ap&oacute;s dia e a luta contra Voldemort n&atilde;o est&aacute; indo bem. Ron procura por nomes familiares nas p&aacute;ginas do obitu&aacute;rio do Profeta Di&aacute;rio. A Ordem da F&ecirc;nix j&aacute; sofreu algumas perdas. Os g&ecirc;meos Weasley ampliam seus neg&oacute;cios. Adolescentes lutam e se apaixonam. As aulas n&atilde;o t&ecirc;m sido f&aacute;ceis, embora Harry receba ajuda do misterioso pr&iacute;ncipe. Em Hogwarts, Harry procurar&aacute; pela verdadeira e completa hist&oacute;ria do menino que se tornou Lord Voldemort - e assim, descobrir&aacute; o que pode ser sua &uacute;nica vulnerabilidade.</p>";"<h2>PRODUTO ILUSTRATIVO. N&Atilde;O EFETUE O PAGAMENTO.</h2>";"";"";"99999997.9999";"0.0000";"1";"0";"0";"1";"1.0000";"1";"0.0000";"1";"1";"0000-00-00 00:00:00";"";"1";"0";"1";"0";"";"";"";"";"";"";"";""
"admin";"base";"Padrão";"bundle";"";"5,6";"1";"";"Habilitado";"Catálogo, Pesquisa";"";"";"";"[PRODUTO DE EXEMPLO] - Coleção do Harry Potter 1";"produto-de-exemplo-colec-o-do-harry-potter-1";"Utilizar Configuração Padrão";"";"";"/h/a/harry_potter-logo_90894o.jpg";"/h/a/harry_potter-logo_90894o.jpg";"/h/a/harry_potter-logo_90894o.jpg";"";"Bloco após coluna de Info";"produto-de-exemplo-colec-o-do-harry-potter-1.html";"<h2>Cole&ccedil;&atilde;o do Harry Potter</h2>
<h2>&nbsp;</h2>";"<h2>PRODUTO ILUSTRATIVO. N&Atilde;O EFETUE O PAGAMENTO.<br />
&nbsp;</h2>";"";"";"0.0000";"0.0000";"1";"0";"0";"1";"1.0000";"1";"0.0000";"1";"1";"0000-00-00 00:00:00";"";"1";"0";"1";"0";"0";"0";"0";"Faixa de Preço";"0";"1";"";""
"admin";"base";"Padrão";"simple";"30";"18,19";"0";"";"Habilitado";"Catálogo, Pesquisa";"";"1.0000";"17.0000";"[PRODUTO DE EXEMPLO] - Caneta esferográfica cristal azul Bic CX 50 UN";"produto-de-exemplo-caneta-esferografica-cristal-azul-bic-cx-50-un";"Utilizar Configuração Padrão";"";"";"/a/z/azul.jpg";"/a/z/azul.jpg";"/a/z/azul.jpg";"";"Bloco após coluna de Info";"produto-de-exemplo-caneta-esferografica-cristal-azul-bic-cx-50-un.html";"<p>Caneta esferogr&aacute;fica com corpo cristal transparente.<br />
Carga azul com tampa na cor da tinta.<br />
Esfera 1 mm.<br />
Caixa com 50 unidades.</p>";"<h2>PRODUTO ILUSTRATIVO. N&Atilde;O EFETUE O PAGAMENTO.<br />
&nbsp;</h2>";"";"";"99999962.9999";"0.0000";"1";"0";"0";"1";"1.0000";"1";"0.0000";"1";"1";"0000-00-00 00:00:00";"";"1";"0";"1";"0";"";"";"";"";"";"";"Bic";"Azul"
"admin";"base";"Padrão";"simple";"31";"17,18,19";"0";"";"Habilitado";"Catálogo, Pesquisa";"";"1.0000";"17.2500";"[PRODUTO DE EXEMPLO] - Caneta esferográfica cristal preta Bic CX 50 UN";"produto-de-exemplo-aneta-esferografica-cristal-preta-bic-cx-50-un";"Utilizar Configuração Padrão";"";"";"/p/r/preta.jpg";"/p/r/preta.jpg";"/p/r/preta.jpg";"";"Bloco após coluna de Info";"produto-de-exemplo-aneta-esferografica-cristal-preta-bic-cx-50-un.html";"<p>Caneta esferogr&aacute;fica com corpo cristal transparente.<br />
Carga azul com tampa na cor da tinta.<br />
Esfera 1 mm.<br />
Caixa com 50 unidades.</p>";"<h2>PRODUTO ILUSTRATIVO. N&Atilde;O EFETUE O PAGAMENTO.</h2>";"";"";"99999999.9999";"0.0000";"1";"0";"0";"1";"1.0000";"1";"0.0000";"1";"1";"0000-00-00 00:00:00";"";"1";"0";"1";"0";"";"";"";"";"";"";"Bic";"Preto"
"admin";"base";"Padrão";"simple";"32";"17,18,19";"0";"";"Habilitado";"Catálogo, Pesquisa";"";"1.0000";"17.5000";"[PRODUTO DE EXEMPLO] - Caneta esferográfica cristal vermelha Bic CX 50 UN";"produto-de-exemplo-caneta-esferografica-cristal-vermelha-bic-cx-50-un";"Utilizar Configuração Padrão";"";"";"/v/e/vermelha.jpg";"/v/e/vermelha.jpg";"/v/e/vermelha.jpg";"";"Bloco após coluna de Info";"produto-de-exemplo-caneta-esferografica-cristal-vermelha-bic-cx-50-un.html";"<p>Caneta esferogr&aacute;fica com corpo cristal transparente.<br />
Carga azul com tampa na cor da tinta.<br />
Esfera 1 mm.<br />
Caixa com 50 unidades.</p>";"<h2>PRODUTO ILUSTRATIVO. N&Atilde;O EFETUE O PAGAMENTO.</h2>";"";"";"99999999.9999";"0.0000";"1";"0";"0";"1";"1.0000";"1";"0.0000";"1";"1";"0000-00-00 00:00:00";"";"1";"0";"1";"0";"";"";"";"";"";"";"Bic";"Vermelho"
"admin";"base";"Padrão";"simple";"33";"17,18,19";"0";"";"Habilitado";"Catálogo, Pesquisa";"";"1.0000";"17.9900";"[PRODUTO DE EXEMPLO] - Caneta esferográfica cristal verde Bic CX 50 UN";"produto-de-exemplo-caneta-esferografica-cristal-verde-bic-cx-50-un";"Utilizar Configuração Padrão";"";"";"/v/e/verde.jpg";"/v/e/verde.jpg";"/v/e/verde.jpg";"";"Bloco após coluna de Info";"produto-de-exemplo-caneta-esferografica-cristal-verde-bic-cx-50-un.html";"<p>Caneta esferogr&aacute;fica com corpo cristal transparente.<br />
Carga azul com tampa na cor da tinta.<br />
Esfera 1 mm.<br />
Caixa com 50 unidades.</p>";"<h2>PRODUTO ILUSTRATIVO. N&Atilde;O EFETUE O PAGAMENTO.<br />
&nbsp;</h2>";"";"";"99999999.9999";"0.0000";"1";"0";"0";"1";"1.0000";"1";"0.0000";"1";"1";"0000-00-00 00:00:00";"";"1";"0";"1";"0";"";"";"";"";"";"";"Bic";"Verde"
"admin";"base";"Padrão";"configurable";"38";"17,18,19";"1";"";"Habilitado";"Catálogo, Pesquisa";"";"";"1.0000";"[PRODUTO DE EXEMPLO] - Caneta esferográfica cristal Bic CX 50 UN";"produto-de-exemplo-caneta-esferografica-cristal-bic-cx-50-un";"Utilizar Configuração Padrão";"";"";"/B/I/BIC.png";"/B/I/BIC.png";"/B/I/BIC.png";"";"Bloco após coluna de Info";"produto-de-exemplo-caneta-esferografica-cristal-bic-cx-50-un.html";"<h2>Caneta esferogr&aacute;fica cristal Bic</h2>";"<h2>PRODUTO ILUSTRATIVO. N&Atilde;O EFETUE O PAGAMENTO.</h2>";"";"";"0.0000";"0.0000";"1";"0";"0";"1";"1.0000";"1";"0.0000";"1";"1";"0000-00-00 00:00:00";"";"1";"0";"1";"0";"";"";"";"";"";"1";"";""
"admin";"base";"Padrão";"simple";"40";"20,21";"0";"";"Habilitado";"Catálogo, Pesquisa";"";"200.0000";"12.0000";"[PRODUTO DE EXEMPLO] - Papel sulfite 75g alcalino 210x297 A4 chamex office Ipaper PT 500 FL";"produto-de-exemplo-papel-sulfite-75g-alcalino-210x297-a4-chamex-office-ipaper-pt-500-fl";"Utilizar Configuração Padrão";"";"";"/c/h/chamex.jpg";"/c/h/chamex.jpg";"/c/h/chamex.jpg";"";"Bloco após coluna de Info";"produto-de-exemplo-papel-sulfite-75g-alcalino-210x297-a4-chamex-office-ipaper-pt-500-fl.html";"<p><font class=""basketinfo_produto""><b>Papel ideal para os equipamentos do escrit&oacute;rio<br />
Alta desempenho profissional</b><br />
<br />
O Chamex Office &eacute; um papel produzido com fibras virgens de eucalipto, tratadas para obter um elevado grau de brancura.<br />
<br />
Os processos de forma&ccedil;&atilde;o, prensagem e calandragem precisos determinam uma qualidade homog&ecirc;nea de impress&atilde;o, aliada a uma superf&iacute;cie de alta resist&ecirc;ncia.<br />
<br />
O perfeito controle na secagem, juntamente com um controle cr&iacute;tico das caracter&iacute;sticas do processo de fabrica&ccedil;&atilde;o, determinam excelente performance em todos os equipamentos, inclusive em impressoras de alta velocidade - acima de 80 p&aacute;ginas por minuto (PPM).<br />
<br />
<b>Gramatura:</b> 75 g/m2<br />
<b>Formatos:</b> A4 (210 x 297mm), Carta (216 x 279mm)<br />
<b>Embalagem:</b> caixa com 10 resmas de 500 folhas</font></p>";"<h2>PRODUTO ILUSTRATIVO. N&Atilde;O EFETUE O PAGAMENTO.</h2>";"";"";"99999996.9999";"0.0000";"1";"0";"0";"1";"1.0000";"1";"0.0000";"1";"1";"0000-00-00 00:00:00";"";"1";"0";"1";"0";"";"";"";"";"";"";"Chamex";""
"admin";"base";"Padrão";"simple";"41";"20,21";"0";"";"Habilitado";"Catálogo, Pesquisa";"";"200.0000";"12.5000";"[PRODUTO DE EXEMPLO] - Papel sulfite 75g 210x297 A4 hp office Ipaper PT 500 FL";"produto-de-exemplo-papel-sulfite-75g-210x297-a4-hp-office-ipaper-pt-500-fl";"Utilizar Configuração Padrão";"";"";"/h/p/hp.jpg";"/h/p/hp.jpg";"/h/p/hp.jpg";"";"Bloco após coluna de Info";"produto-de-exemplo-papel-sulfite-75g-210x297-a4-hp-office-ipaper-pt-500-fl.html";"<p><b>Descri&ccedil;&atilde;o</b><br />
<br />
O papel hp office oferece a qualidade HP para as necessidades do seu escrit&oacute;rio.<br />
Ideal para alta tiragem sem obstru&ccedil;&atilde;o em seus equipamentos. <br />
<br />
<font class=""basketinfo_produto"">
<ul>
    <li>Offset - branco - alcalino - 75g/m2 disponiveis A4(210x297)</li>
</ul>
</font></p>";"<p>PRODUTO ILUSTRATIVO. N&Atilde;O EFETUE O PAGAMENTO.</p>";"";"";"99999998.9999";"0.0000";"1";"0";"0";"1";"1.0000";"1";"0.0000";"1";"1";"0000-00-00 00:00:00";"";"1";"0";"1";"0";"";"";"";"";"";"";"Hp";""
"admin";"base";"Padrão";"simple";"50";"22";"0";"";"Habilitado";"Catálogo, Pesquisa";"";"35.0000";"16.7000";"[PRODUTO DE EXEMPLO] - Fichário univ. versatil 4 arg.branco lombada 4.0 312 Plastpark PT 1 UN";"produto-de-exemplo-fichario-univ-versatil-4-arg-branco-lombada-4-0-312-plastpark-pt-1-un";"Utilizar Configuração Padrão";"";"";"/f/i/fichario.jpg";"/f/i/fichario.jpg";"/f/i/fichario.jpg";"";"Bloco após coluna de Info";"produto-de-exemplo-fichario-univ-versatil-4-arg-branco-lombada-4-0-312-plastpark-pt-1-un.html";"<p><b>Caracter&iacute;sticas do Produto</b><br />
<br />
<font class=""basketinfo_produto"">
<ul>
    <li>Fich&aacute;rio universit&aacute;rio com 4 argolas, de pl&aacute;stico branco e lombada 4.0.</li>
    <li>Fich&aacute;rio Vers&aacute;til - Crie sua capa</li>
    <li>Capa em PVC laminado com bolsa cristal externa</li>
    <li>Ferragem niquelada em &ldquo;D&rdquo;Dispon&iacute;vel em 2 ou 4 argolas</li>
    <li>Dorso refor&ccedil;ado</li>
    <li>Formato: 265 x 310 mm<br />
    <br />
    <b>Cont&eacute;m:</b><br />
    &nbsp;</li>
    <li>01 bloco Vix com 20 folhas pautadas</li>
    <li>01 env. Plast. grosso 0,12 tam. A4 - c&oacute;d. 140</li>
    <li>01 folha PVC cristal p/cart&otilde;es de visita - c&oacute;d.255</li>
</ul>
</font></p>";"<h2>PRODUTO ILUSTRATIVO. N&Atilde;O EFETUE O PAGAMENTO.<br />
&nbsp;</h2>";"";"";"99999999.9999";"0.0000";"1";"0";"0";"1";"1.0000";"1";"0.0000";"1";"1";"0000-00-00 00:00:00";"";"1";"0";"1";"0";"";"";"";"";"";"";"Plastpark";""
"admin";"base";"Padrão";"simple";"42";"17,22,23";"0";"";"Habilitado";"Catálogo, Pesquisa";"";"1.0000";"3.5000";"[PRODUTO DE EXEMPLO] - Divisória p/fichário univ. 4 arg.polip.6 proj.transp. Durapinus PT 1 UN";"produto-de-exemplo-divisoria-p-fichario-univ-4-arg-polip-6-proj-transp-durapinus-pt-1-un";"Utilizar Configuração Padrão";"";"";"/d/i/divisioria.gif";"/d/i/divisioria.gif";"/d/i/divisioria.gif";"";"Bloco após coluna de Info";"produto-de-exemplo-divisoria-p-fichario-univ-4-arg-polip-6-proj-transp-durapinus-pt-1-un.html";"<p><font class=""basketinfo_produto"">Em Polipropileno Micragem 0,18  Transparente Grande Durabilidade</font></p>";"<h2>PRODUTO ILUSTRATIVO. N&Atilde;O EFETUE O PAGAMENTO.<br />
&nbsp;</h2>";"";"";"99999996.9999";"0.0000";"1";"0";"0";"1";"1.0000";"1";"0.0000";"1";"1";"0000-00-00 00:00:00";"";"1";"0";"1";"0";"";"";"";"";"";"";"Durapinus";""
"admin";"base";"Padrão";"simple";"43";"22,23";"0";"";"Habilitado";"Catálogo, Pesquisa";"";"1.0000";"6.5000";"[PRODUTO DE EXEMPLO] - Folha p/fichário univ.10x1 200 fls c/4 furos Bem Bolado Spiral PT 1 UN";"produto-de-exemplo-folha-p-fichario-univ-10x1-200-fls-c-4-furos-bem-bolado-spiral-pt-1-un";"Utilizar Configuração Padrão";"";"";"/f/o/folha.gif";"/f/o/folha.gif";"/f/o/folha.gif";"";"Bloco após coluna de Info";"produto-de-exemplo-folha-p-fichario-univ-10x1-200-fls-c-4-furos-bem-bolado-spiral-pt-1-un.html";"<p>Folha p/fich&aacute;rio univ.10x1 200 fls c/4 furos Bem Bolado Spiral PT 1 UN</p>
<p>&nbsp;</p>";"<h2>PRODUTO ILUSTRATIVO. N&Atilde;O EFETUE O PAGAMENTO.<br />
&nbsp;</h2>";"";"";"99999995.9999";"0.0000";"1";"0";"0";"1";"1.0000";"1";"0.0000";"1";"1";"0000-00-00 00:00:00";"";"1";"0";"1";"0";"";"";"";"";"";"";"Spiral";""
"admin";"base";"Padrão";"grouped";"48";"17,22";"0";"";"Habilitado";"Catálogo, Pesquisa";"";"";"";"[PRODUTO DE EXEMPLO] - Fichário Escolar Completo";"produto-de-exemplo-fichario-escolar-completo";"Utilizar Configuração Padrão";"";"";"/e/s/escola-7642.png";"/e/s/escola-7642.png";"/e/s/escola-7642.png";"";"Bloco após coluna de Info";"produto-de-exemplo-fichario-escolar-completo.html";"<p>Fich&aacute;rio Escolar Completo</p>";"<h2>PRODUTO ILUSTRATIVO. N&Atilde;O EFETUE O PAGAMENTO.<br />
&nbsp;</h2>";"";"";"0.0000";"0.0000";"1";"0";"0";"1";"1.0000";"1";"0.0000";"1";"1";"0000-00-00 00:00:00";"";"1";"0";"1";"0";"";"";"";"";"";"";"";""
"admin";"base";"Padrão";"simple";"60";"3,4";"0";"";"Habilitado";"Catálogo, Pesquisa";"Spencer Johnson";"10.0000";"31.0000";"[PRODUTO DE EXEMPLO] - Quem Mexeu no Meu Queijo para Crianças";"produto-de-exemplo-quem-mexeu-no-meu-queijo-para-criancas";"Utilizar Configuração Padrão";"";"";"/7/3/735543_4.jpg";"/7/3/735543_4.jpg";"/7/3/735543_4.jpg";"";"Bloco após coluna de Info";"produto-de-exemplo-quem-mexeu-no-meu-queijo-para-criancas.html";"<p><strong>Descri&ccedil;&atilde;o: </strong>Como atravessamos o labirinto das mudan&ccedil;as? &Agrave;s vezes agimos como SNIFF, que logo fareja a necessidade de mudan&ccedil;a; ou SCURRY, que imediatamente entra em a&ccedil;&atilde;o; ou HEM, que resiste &agrave;s mudan&ccedil;as, pois esta convencido de que elas s&atilde;o sempre para pior; ou HAW, que aprende a se adaptar quando percebe que as mudan&ccedil;as podem levar a algo melhor! Seja como for, todos n&oacute;s temos uma caracter&iacute;stica em comum: a necessidade de encontrar nosso caminho no labirinto das mudan&ccedil;as. Mudar junto com o queijo, esse &eacute; o segredo!</p>";"<h2>PRODUTO ILUSTRATIVO. N&Atilde;O EFETUE O PAGAMENTO.<br />
&nbsp;</h2>";"";"";"99999993.9999";"0.0000";"1";"0";"0";"1";"1.0000";"1";"0.0000";"1";"1";"0000-00-00 00:00:00";"";"1";"0";"1";"0";"";"";"";"";"";"";"";""
"admin";"base";"Padrão";"simple";"61";"3,25";"0";"";"Habilitado";"Catálogo, Pesquisa";"Markus Zusak";"10.0000";"21.3000";"[PRODUTO DE EXEMPLO] - A Menina que Roubava Livros";"produto-de-exemplo-a-menina-que-roubava-livros";"Utilizar Configuração Padrão";"";"";"/1/9/1900640_4.jpg";"/1/9/1900640_4.jpg";"/1/9/1900640_4.jpg";"";"Bloco após coluna de Info";"produto-de-exemplo-a-menina-que-roubava-livros.html";"<div class=""ficheTechnique"" id=""C1"" style="""">
<p><strong>Descri&ccedil;&atilde;o: </strong>Entre 1939 e 1943, Liesel Meminger encontrou a Morte tr&ecirc;s vezes. E saiu suficientemente viva das tr&ecirc;s ocasi&otilde;es para que a pr&oacute;pria, de t&atilde;o impressionada, decidisse nos contar sua hist&oacute;ria, em <b>A Menina que Roubava Livros,</b> livro h&aacute; mais de um ano na lista dos mais vendidos do <i>The New York Times.</i> Desde o in&iacute;cio da vida de Liesel na rua Himmel, numa &aacute;rea pobre de Molching, cidade desenxabida pr&oacute;xima a Munique, ela precisou achar formas de se convencer do sentido da sua exist&ecirc;ncia. Horas depois de ver seu irm&atilde;o morrer no colo da m&atilde;e, a menina foi largada para sempre aos cuidados de Hans e Rosa Hubermann, um pintor desempregado e uma dona de casa rabugenta. Ao entrar na nova casa, trazia escondido na mala um livro, <i>O Manual do Coveiro.</i> Num momento de distra&ccedil;&atilde;o, o rapaz que enterrara seu irm&atilde;o o deixara cair na neve. Foi o primeiro de v&aacute;rios livros que Liesel roubaria ao longo dos quatro anos seguintes. E foram estes livros que nortearam a vida de Liesel naquele tempo, quando a Alemanha era transformada diariamente pela guerra, dando trabalho dobrado &agrave; Morte. O gosto de rouba-los deu &agrave; menina uma alcunha e uma ocupa&ccedil;&atilde;o; a sede de conhecimento deu-lhe um prop&oacute;sito. E as palavras que Liesel encontrou em suas p&aacute;ginas e destacou delas seriam mais tarde aplicadas ao contexto a sua pr&oacute;pria vida, sempre com a assist&ecirc;ncia de Hans, acordeonista amador e am&aacute;vel, e Max Vanderburg, o judeu do por&atilde;o, o amigo quase invis&iacute;vel de quem ela prometera jamais falar. H&aacute; outros personagens fundamentais na hist&oacute;ria de Liesel, como Rudy Steiner, seu melhor amigo e o namorado que ela nunca teve, ou a mulher do prefeito, sua melhor amiga que ela demorou a perceber como tal. Mas s&oacute; quem est&aacute; ao seu lado sempre e testemunha a dor e a poesia da &eacute;poca em que Liesel Meminger teve sua vida salva diariamente pelas palavras, &eacute; a nossa narradora. Um dia todos ir&atilde;o conhece-la. Mas ter a sua hist&oacute;ria contada por ela &eacute; para poucos. Tem que valer a pena.</p>
</div>";"<h2>PRODUTO ILUSTRATIVO. N&Atilde;O EFETUE O PAGAMENTO.<br />
&nbsp;</h2>";"";"";"99999992.9999";"0.0000";"1";"0";"0";"1";"1.0000";"1";"0.0000";"1";"1";"0000-00-00 00:00:00";"";"1";"0";"1";"0";"";"";"";"";"";"";"";""
"admin";"base";"Padrão";"simple";"62";"3,25";"0";"";"Habilitado";"Catálogo, Pesquisa";"Khaled Hosseini";"10.0000";"23.4000";"[PRODUTO DE EXEMPLO] - O Caçador de Pipas";"produto-de-exemplo-o-cacador-de-pipas";"Utilizar Configuração Padrão";"";"";"/1/0/1054888_4.jpg";"/1/0/1054888_4.jpg";"/1/0/1054888_4.jpg";"";"Bloco após coluna de Info";"produto-de-exemplo-o-cacador-de-pipas.html";"<p><strong>Descri&ccedil;&atilde;o: </strong>O ca&ccedil;ador de pipas, livro que j&aacute; vendeu mais de 2 milh&otilde;es de exemplares s&oacute; nos EUA, est&aacute; sendo considerado o maior sucesso da literatura mundial dos &uacute;ltimos tempos. Este romance conta a hist&oacute;ria da amizade de Amir e Hassan, dois meninos quase da mesma idade, que vivem vidas muito diferentes no Afeganist&atilde;o da d&eacute;cada de 1970. Amir &eacute; rico e bem-nascido, um pouco covarde, e sempre em busca da aprova&ccedil;&atilde;o de seu pr&oacute;prio pai. Hassan, que n&atilde;o sabe ler nem escrever, &eacute; conhecido por coragem e bondade. Os dois, no entanto, s&atilde;o loucos por hist&oacute;rias antigas de grandes guerreiros, filmes de caub&oacute;i americanos e pipas. E &eacute; justamente durante um campeonato de pipas, no inverno de 1975, que Hassan d&aacute; a Amir a chance de ser um grande homem, mas ele n&atilde;o enxerga sua reden&ccedil;&atilde;o. Ap&oacute;s desperdi&ccedil;ar a &uacute;ltima chance, Amir vai para os Estados Unidos, fugindo da invas&atilde;o sovi&eacute;tica ao Afeganist&atilde;o, mas vinte anos depois Hassan e a pipa azul o fazem voltar &agrave; sua terra natal para acertar contas com o passado.</p>
<p>&quot;Esta &eacute; uma daquelas hist&oacute;rias inesquec&iacute;veis, que permanecem na nossa mem&oacute;ria por anos a fio. Por muito tempo, tudo o que eu li me pareceu sem gra&ccedil;a. Todos os grandes temas da literatura e da vida s&atilde;o o material com que &eacute; tecido esse romance extraordin&aacute;rio: amor, honra, culpa, medo, reden&ccedil;&atilde;o.&quot; - Isabel Allende.</p>
<p>&nbsp;</p>";"<h2>PRODUTO ILUSTRATIVO. N&Atilde;O EFETUE O PAGAMENTO.<br />
&nbsp;</h2>";"";"";"99999991.9999";"0.0000";"1";"0";"0";"1";"1.0000";"1";"0.0000";"1";"1";"0000-00-00 00:00:00";"";"1";"0";"1";"0";"";"";"";"";"";"";"";""
"admin";"base";"Padrão";"simple";"";"3,25";"0";"";"Habilitado";"Catálogo, Pesquisa";"Dan Brown";"10.0000";"21.9000";"[PRODUTO DE EXEMPLO] - O Código da Vinci";"produto-de-exemplo-o-codigo-da-vinci";"Utilizar Configuração Padrão";"";"";"/1/9/1973432_4.jpg";"/1/9/1973432_4.jpg";"/1/9/1973432_4.jpg";"";"Bloco após coluna de Info";"produto-de-exemplo-o-codigo-da-vinci.html";"<p><strong>Descri&ccedil;&atilde;o: </strong>
<p align=""justify"">Um assassinato dentro do Museu do Louvre, em Paris, traz &agrave; tona uma sinistra conspira&ccedil;&atilde;o para revelar um segredo que foi protegido por uma sociedade secreta desde os tempos de Jesus Cristo. A v&iacute;tima &eacute; o respeitado curador do museu, Jacques Sauni&egrave;re, um dos l&iacute;deres dessa antiga fraternidade, o Priorado de Si&atilde;o, que j&aacute; teve como membros Leonardo da Vinci, Victor Hugo e Isaac Newton. <br />
Momentos antes de morrer, Sauni&egrave;re deixa uma mensagem cifrada que apenas a cript&oacute;grafa Sophie Neveu e Robert Langdon, um simbologista, podem desvendar. Eles viram suspeitos e em detetives enquanto tentam decifrar um intricado quebra-cabe&ccedil;as que pode lhes revelar um segredo milenar que envolve a Igreja Cat&oacute;lica.<br />
Apenas alguns passos &agrave; frente das autoridades e do perigoso assassino, Sophie e Robert v&atilde;o &agrave; procura de pistas ocultas nas obras de Da Vinci e se debru&ccedil;am sobre alguns dos maiores mist&eacute;rios da cultura ocidental - da natureza do sorriso da Mona Lisa ao significado do Santo Graal. Mesclando os ingredientes de um envolvente suspense com informa&ccedil;&otilde;es sobre obras de arte, documentos e rituais secretos, Dan Brown consagrou-se como um dos autores mais brilhantes da atualidade.<br />
Edi&ccedil;&atilde;o Popular.</p>
</p>";"<h2>PRODUTO ILUSTRATIVO. N&Atilde;O EFETUE O PAGAMENTO.<br />
&nbsp;</h2>";"";"";"99999977.9999";"0.0000";"1";"0";"0";"1";"1.0000";"1";"0.0000";"1";"1";"0000-00-00 00:00:00";"";"1";"0";"1";"0";"";"";"";"";"";"";"";""
"admin";"base";"Padrão";"simple";"63";"3,25";"0";"";"Habilitado";"Catálogo, Pesquisa";"Dan Brown";"100.0000";"19.9000";"[PRODUTO DE EXEMPLO] - Fortaleza Digital";"produto-de-exemplo-fortaleza-digital";"Utilizar Configuração Padrão";"";"";"/2/1/21332485_4.jpg";"/2/1/21332485_4.jpg";"/2/1/21332485_4.jpg";"";"Bloco após coluna de Info";"produto-de-exemplo-fortaleza-digital.html";"<p><strong>Descri&ccedil;&atilde;o: </strong></p>
<p align=""justify"">Antes de estourar no mundo inteiro com O C&oacute;digo Da Vinci, Dan Brown j&aacute; demonstrava um talento singular como contador de hist&oacute;rias no seu primeiro livro, Fortaleza Digital, lan&ccedil;ado em 1998 nos Estados Unidos. Muitos dos ingredientes que, anos depois, fariam com que o autor fosse reconhecido como um novo mestre dos livros de a&ccedil;&atilde;o e suspense j&aacute; estavam presentes no seu romance de estr&eacute;ia: a narrativa r&aacute;pida, a trama repleta de reviravoltas que prendem o leitor da primeira &agrave; &uacute;ltima p&aacute;gina e o fasc&iacute;nio exercido por c&oacute;digos secretos, criptografia e enigmas misteriosos.<br />
<br />
Em Fortaleza Digital, Brown mergulha no intrigante universo dos servi&ccedil;os de informa&ccedil;&atilde;o e ambienta sua hist&oacute;ria na ultra-secreta e multibilion&aacute;ria NSA, a Ag&ecirc;ncia de Seguran&ccedil;a Nacional americana, mais poderosa do que a CIA ou qualquer outra organiza&ccedil;&atilde;o de intelig&ecirc;ncia do mundo. Quando o supercomputador da NSA, at&eacute; ent&atilde;o considerado uma arma invenc&iacute;vel para decodificar mensagens terroristas transmitidas pela Internet, se depara com um novo c&oacute;digo que n&atilde;o pode ser quebrado, a ag&ecirc;ncia recorre &agrave; sua mais brilhante cript&oacute;grafa, a bela matem&aacute;tica Susan Fletcher. Presa numa teia de segredos e mentiras, sem saber em quem confiar, Susan precisa encontrar a chave do engenhoso c&oacute;digo para evitar o maior desastre da hist&oacute;ria da intelig&ecirc;ncia americana e para salvar a sua vida e a do homem que ama.</p>
<p>&nbsp;</p>";"<h2>PRODUTO ILUSTRATIVO. N&Atilde;O EFETUE O PAGAMENTO.<br />
&nbsp;</h2>";"";"";"99999985.9999";"0.0000";"1";"0";"0";"1";"1.0000";"1";"0.0000";"1";"1";"0000-00-00 00:00:00";"";"1";"0";"1";"0";"";"";"";"";"";"";"";""
"admin";"base";"Padrão";"simple";"64";"25";"0";"";"Habilitado";"Catálogo, Pesquisa";"Leander Kahney";"10.0000";"34.9000";"[PRODUTO DE EXEMPLO] - A Cabeça de Steve Jobs";"produto-de-exemplo-a-cabeca-de-steve-jobs";"Utilizar Configuração Padrão";"";"";"/2/1/21426791_4.jpg";"/2/1/21426791_4.jpg";"/2/1/21426791_4.jpg";"";"Bloco após coluna de Info";"produto-de-exemplo-a-cabeca-de-steve-jobs.html";"<div style="""" id=""C1"" class=""ficheTechnique"">
<p><strong>Descri&ccedil;&atilde;o: </strong></p>
<p align=""justify"">&Eacute; dif&iacute;cil acreditar que um homem revolucionou os computadores nos anos 1970 e 1980, o cinema de anima&ccedil;&atilde;o e a m&uacute;sica digital nos anos 1990. Por outro lado, s&atilde;o lend&aacute;rias as hist&oacute;rias de seus repentinos acessos de raiva, revelando o verdadeiro Steve Jobs. Ent&atilde;o, o que h&aacute;, realmente, dentro do c&eacute;rebro de Steve? Segundo Leander Kahney, &eacute; um fascinante feixe de contradi&ccedil;&otilde;es.<br />
<br />
O autor destila os princ&iacute;pios que guiam Jobs ao lan&ccedil;ar produtos arrasadores, ao atrair compradores fanaticamente fi&eacute;is e ao administrar algumas das marcas mais poderosas do mundo. O resultado &eacute; este livro singular sobre Steve Jobs que &eacute;, ao mesmo tempo, uma biografia e um guia de lideran&ccedil;a, imposs&iacute;vel de largar.</p>
<p>&nbsp;</p>
</div>";"<h2>PRODUTO ILUSTRATIVO. N&Atilde;O EFETUE O PAGAMENTO.<br />
&nbsp;</h2>";"";"";"99999927.9999";"0.0000";"1";"0";"0";"1";"1.0000";"1";"0.0000";"1";"1";"0000-00-00 00:00:00";"";"1";"0";"1";"0";"";"";"";"";"";"";"";""
